name,price,category,thumbnail,stock,description
Jersey Player 12 | Jersey Suporter Oversize,406890,jersey,https://down-id.img.susercontent.com/file/id-11134207-81ztd-me0wp4ymnpqf6e.webp,95,Merchandise Resmi Timnas Indonesia<brbr>Jersey terbaru yang menggabungkan semangat kompetisi dan jiwa sportif dengan kebanggaan simbol Garuda. Dirancang untuk para pemain dan penggemar yang memahami bahwa olahraga bukan hanya permainan, tetapi medan pembuktian karakter, tekad, dan kerja keras. Panjang baju 70 - 80cm<br><br>Hadir dalam pilihan warna yang penuh makna:<br>- Ungu melambangkan kemuliaan dan ambisi,<br>- Olive yang mencerminkan keteguhan dan daya tahan<br>- Pink Hitam yang berani menyatukan kelembutan dan kekuatan,<br>- Cream Hijau Botol yang membawa harmoni dalam perjuangan.<br><br>Dibuat dengan material premium yang ringan dan breathable, jersey ini memberikan kenyamanan optimal serta mendukung setiap gerakan dinamis. Kenakan, rasakan, dan tunjukkan kebanggaan Anda sebagai pemain sejati dengan jiwa Garuda.<br><br>Desain: Jersey player 12<br>Kain Lotto Premium 20s 100% Polyester
Garuda - Jersey 2025 Replica Home (Merah) SS | Jersey Pemain Lengan Pendek,599000,jersey,https://down-id.img.susercontent.com/file/id-11134207-7rbk7-maz0uswh6f4ufe.webp,22,-Harga yang tertera hanya untuk jerseynya saja-<br><br>Indonesia National Team Official Jersey Replica<br>Erspo mempersebahkan karya anak bangsa untuk mengawal perjuangan Garuda bertanding. Ayo dukung Timnas Indonesia dengan memakai Official Merchandise!<br><br>Detail produk :<br>- Model reguler fit yang dapat di gunakan pada pria mau wanita (unisex)<br>- Daya serap keringat yang baiik<br>- Fabric Material: Jacquard - Mesh - Dot Mesh<br>Perbedaan antara Replica dengan Player Issue :<br>Untuk bahan Replica patternnya semi timbul, sedangkan Player Issue patternnya timbul bertekstur
Garuda - Jersey 2025 Replica Away (Putih) SS | Jersey Pemain Lengan Pendek,599000,jersey,https://down-id.img.susercontent.com/file/id-11134207-7rbk5-maz0uswh27fi20.webp,20,-Harga yang tertera hanya untuk jerseynya saja-<br><br>Indonesia National Team Official Jersey Replica<br>Erspo mempersebahkan karya anak bangsa untuk mengawal perjuangan Garuda bertanding. Ayo dukung Timnas Indonesia dengan memakai Official Merchandise!<br><br>Detail produk :<br>- Model reguler fit yang dapat di gunakan pada pria mau wanita (unisex)<br>- Daya serap keringat yang baik<br>- Fabric Material: Jacquard - Mesh - Dot Mesh<br>Perbedaan antara Replica dengan Player Issue :<br>Untuk bahan Replica patternnya semi timbul, sedangkan Player Issue patternnya timbul bertekstur
Garuda - Polo Stripe | Baju Atasan Pria,526900,top,https://down-id.img.susercontent.com/file/id-11134207-81ztk-mf81ki3qsxsabb@resize_w450_nl.webp,27,Garuda Polo Stripe berdesign dan berlogo Garuda di bagian depan tengah baju<br><br>Dirancang dengan style kekinian dan diproduksi melalui proses penuh ketelitian, polo shirt ini nyaman dipakai setiap hari. Terbuat dari bahan cotton jersey yang sejuk dan perpaduan warna yang menyatu membuat kamu terlihat stand out dan fresh sepanjang hari. Potongannya pas di badan dan bahan yang lembut memberi keleluasaan bergerak dan tampilan yang clean.<br><br>Material Guide & Product Care<br>Material Guide : Sejuk dipakai, Tekstur lembut, Jahitan rapi, Kancing Kuat<br>Product Care : Setrika dengan Suhu Rendah, Jangan Gunakan Pemutih, Cuci dengan Air Suhu Rendah
Garuda - Timnas 2025 T-Shirt Short Sleeve | Baju Atasan Kaos,179000,top,https://down-id.img.susercontent.com/file/id-11134207-7ra0s-mbw6ntc059oc00@resize_w450_nl.webp,82,Timnas 2025 T-Shirt Short Sleeve untuk mengawal perjuangan Garuda bertanding. Ayo dukung Timnas Indonesia dengan memakai Official Merchandise!<br><br>Fabric material: Cotton Combed 30s
Garuda - Collar Polo | Baju Atasan Unisex,328900,top,https://down-id.img.susercontent.com/file/id-11134207-7ra0p-mb6f7mii9xfc4b@resize_w450_nl.webp,63,Chiang-i Shirt Short Sleeve merupakan T-shirt yang berkolaborasi dengan Timnas Indonesia<br><br>Detail produk :<br>- Dapat di gunakan untuk laki - laki maupun perempuan (unisex)<br>- Terdapat 4 warna <br>- Berbahan nyaman dan tidak panas
Garuda - Polo Heart of Football | Baju Atasan Pria,274890,top,https://down-id.img.susercontent.com/file/id-11134207-7ra0i-mbbw1whb9rmm5d@resize_w450_nl.webp,215,Polo shirt ini terinspirasi oleh semangat dan cinta yang tak pernah padam terhadap dunia sepak bola. <br><br>Nama "Heart of Football" merepresentasikan hati yang berdenyut untuk mendukung timnas Sepak Bola Indonesia, semangat kebersamaan, dan komitmen terhadap nilai-nilai sportivitas. <br><br>Polo shirt ini dirancang untuk menjadi simbol elegan dari kebanggaan Garuda Fans, baik saat mendukung di stadion maupun dalam keseharian.<br><br>LACOSTE, 20S - 100% COTTON<br>GRAMASI : 220-230 GSM
Garuda - Timnas Jersey Replica White 2024 | Jersey Pemain Lengan Pendek,599000,jersey,https://down-id.img.susercontent.com/file/id-11134207-7ra0k-mdmpnir5dmff57.webp,12,"Indonesia National Team Official Jersey Replica"<br><br>Garuda mempersembahkan karya anak bangsa untuk mengawal perjuangan Garuda bertanding. Ayo dukung Timnas Indonesia dengan memakai Official Merchandise!<br><br>Detail :<br>- Fabric Material : 100% Polyester<br>- Reguler dan dry Fit<br><br>Perbedaan replica dan player issue adalah untuk player issue designnya logo dan emblem lebih bertekstur dari pada replica
Garuda - Jersey Pre-Match Short Sleeve 2025 | Jersey Pemain Lengan Pendek,349000,jersey,https://down-id.img.susercontent.com/file/id-11134207-7rbk4-m95khoc2wsfh53@resize_w450_nl.webp,5,Indonesia National Team Official Jersey Pre-Match 2025<br><br>Detail produk :<br>- Baju jersey berlengan pendek berpaduan warna merah dan hitam<br>- Fabric material: Mesh<br>- Terdapat beberapa ukuran XS - 5XL<br>- Unisex
for free purchase (T-Shirt),99000,top,https://down-id.img.susercontent.com/file/id-11134207-7ra0m-mcx24mni50yf22@resize_w450_nl.webp,73,Hi Kita Garuda, dapatkan T-shirt yang berdesign Indonesia Argentina dengan pembelanjaan min imal 1 juutaaa<br><br>Bahan : Cotton combed 30s<br><br>Note :<br>- Untuk warna tersedia white dan black (dikirim random)<br>- Size M - 2XL (dikirim random)<br>- Ada 2 design yang berbeda ( dikirim random)
for free purchase (Hand Fan Player),33000,accessories,https://down-id.img.susercontent.com/file/id-11134207-7r98q-luipkb8zzdbbeb@resize_w450_nl.webp,8,Merchandise Resmi Timnas Indonesia <br><br>Handfan Timnas Indonesia<br><br>Bahan: Art Carton 310 gsm<br> Laminasi Glossy <br> Ukuran: 15 x 15 cm <br> Desain: Print 2 sisi <br> Handle: Hitam & Putih
Garuda - Fridge Magnet | Magnet Kulkas,87890,others,https://down-id.img.susercontent.com/file/id-11134258-7rbk6-m7byijxbeg4ed7,12,Garuda collection merupakan acce yang wajib di miliki setiap serinya. Memiliki design yang keren sesuai dengan makna dan arti tersendiri, magnet yang dapat di tempelkan pada kulkas. Fridge magnet adalah magnet kecil yang biasanya digunakan untuk menempelkan berbagai benda, seperti catatan, foto, atau gambar, pada permukaan logam dari lemari es (fridge).<br><br>Detail produk :<br>- Design keren<br>- Berukuran -+ 8cm x 9,5cm
Garuda - Jersey 2025 Player Issue Home (Merah) SS | Jersey Pemain Lengan Pendek,1299000,jersey,https://down-id.img.susercontent.com/file/id-11134207-7ra0j-mbosqbker0k042.webp,20,-Harga yang tertera hanya untuk jerseynya saja-<br><br>Indonesia National Team Official Jersey Player Issue<br>Erspo mempersebahkan karya anak bangsa untuk mengawal perjuangan Garuda bertanding. Ayo dukung Timnas Indonesia dengan memakai Official Merchandise!<br><br>Detail produk :<br>- Model reguler fit yang dapat di gunakan pada pria mau wanita (unisex)<br>- Daya serap keringat yang baik<br>- Fabric Material: Jacquard - Mesh - Dot Mesh<br><br>Perbedaan antara Replica dengan Player Issue :<br>Untuk bahan Replica patternnya semi timbul, sedangkan Player Issue patternnya timbul bertekstur
Garuda - Long Sleeve Jersey 2025 Replica | Jersey Lengan Panjang,749000,jersey,https://down-id.img.susercontent.com/file/id-11134207-7rbk2-m8vpd64v3bbh74@resize_w450_nl.webp,30,INDONESIA NATIONAL TEAM OFFICIAL JERSEY - REPLICA [LONG SLEEVE]<br>Erspo mempersembahkan karya anak bangsa untuk mengawal perjuangan Garuda bertanding. Ayo dukung Timnas Indonesia dengan memakai Official Merchandise!<br><br>Fabric material: 100% Polyester Jaquard<br><br>Note : Tidak ada tulisan nomor punggung
Garuda Store - Jersey Player 12 Royal | Player 12 Jersey,319586,jersey,https://down-id.img.susercontent.com/file/id-11134207-7ra0r-mbrvq7997z6me6@resize_w450_nl.webp,32,Merchandise Resmi Timnas Indonesia<br><br>Player 12 Jersey Biru<br><br>Di balik nomor 12 terdapat makna bahwa para fans sejatinya merupakan pemain ke-12 di lapangan yang menunjukkan dukungan, loyalitas, dan dedikasi terhadap timnas sepak bola Indonesia.<br><br>Desain: Jersey biru<br><br>Ukuran (Panjang x Lebar dada): <br>S      : 65cm x 51cm   <br>M     : 67cm x 53cm<br>L      :69cm x 55cm<br>XL   :71cm x 57cm<br>XXL :73cm x 59cm<br><br>Ukuran (Panjang x Lebar lengan): <br>S     : 30cm x 18cm   <br>M    : 31cm x 19cm<br>L     :32cm x 20cm<br>XL   :33cm x 21cm<br>2XL:34cm x 22cm<br>3XL: 35cm x 23cm
Garuda - Jersey 2025 Player Issue Away (Putih) SS | Jersey Pemain Lengan Pendek,1299000,jersey,https://down-id.img.susercontent.com/file/id-11134207-7rbkc-m7bzfub5plv08a.webp,21,-Harga yang tertera hanya untuk jerseynya saja-<br><br>Indonesia National Team Official Jersey Player Issue<br>Erspo mempersebahkan karya anak bangsa untuk mengawal perjuangan Garuda bertanding. Ayo dukung Timnas Indonesia dengan memakai Official Merchandise!<br><br>Detail produk :<br>- Model reguler fit yang dapat di gunakan pada pria mau wanita (unisex)<br>- Daya serap keringat yang baik<br>- Fabric Material: Jacquard - Mesh - Dot Mesh<br><br>Perbedaan antara Replica dengan Player Issue :<br>Untuk bahan Replica patternnya semi timbul, sedangkan Player Issue patternnya timbul bertekstur
Garuda Store - Key Chain | Gantungan Kunci,73590,accessories,https://down-id.img.susercontent.com/file/id-11134207-7ra0o-mbruy101i0fhb4.webp,17,Official Merchandise Timnas Key Chain <br>Aksesoris: Ring stainless<br>Ukuran: 5.5 cm
Garuda Store - Jersey Away Goal Keeper Timnas Player Issue,799000,jersey,https://down-id.img.susercontent.com/file/id-11134207-7rash-m37pxbj6fmgf8a@resize_w450_nl.webp,30,Indonesia National Team Official GK Jersey Player Issue<br><br>Fabric Material : 100% Polyester<br>Tersedia beberapa ukuran<br>Terdapat logo bertulisan Indonesia di dada
Garuda - Jersey Player Issue Men Away SS 2025 + Nameset,1549000,jersey,https://down-id.img.susercontent.com/file/id-11134207-7ra0p-mdprn9bk4cvjd9@resize_w450_nl.webp,5,-Harga yang tertera hanya untuk jersey dan nameset saja-<br><br>Indonesia National Team Official Jersey Player Issue<br>Erspo mempersebahkan karya anak bangsa untuk mengawal perjuangan Garuda bertanding. Ayo dukung Timnas Indonesia dengan memakai Official Merchandise!<br><br>Detail produk :<br>- Model reguler fit yang dapat di gunakan pada pria mau wanita (unisex)<br>- Daya serap keringat yang baik<br>- Fabric Material: Jacquard - Mesh - Dot Mesh<br><br>Perbedaan antara Replica dengan Player Issue :<br>Untuk bahan Replica patternnya semi timbul, sedangkan Player Issue patternnya timbul bertekstur
Garuda - Jersey 2025 Replica Home (Merah) SS + Nameset,849000,jersey,https://down-id.img.susercontent.com/file/id-11134207-7ra0r-mdr6cxz238hgcd@resize_w450_nl.webp,17,-Harga yang tertera hanya untuk jersey dan namesetnya saja-<br><br>Indonesia National Team Official Jersey Replica<br>Erspo mempersebahkan karya anak bangsa untuk mengawal perjuangan Garuda bertanding. Ayo dukung Timnas Indonesia dengan memakai Official Merchandise!<br><br>Detail produk :<br>- Model reguler fit yang dapat di gunakan pada pria mau wanita (unisex)<br>- Daya serap keringat yang baiik<br>- Fabric Material: Jacquard - Mesh - Dot Mesh<br><br>Perbedaan antara Replica dengan Player Issue :<br>Untuk bahan Replica patternnya semi timbul, sedangkan Player Issue patternnya timbul bertekstur
Garuda - Jersey Pre Match Red 2024 | Jersey Pemain Lengan Pendek,499000,jersey,https://down-id.img.susercontent.com/file/id-11134207-7ra0g-mcd1t561jmnvab@resize_w450_nl.webp,3,"INDONESIA NATIONAL TEAM OFFICIAL PREMATCH JERSEY<br><br>Erspo mempersembahkan karya anak bangsa untuk mengawal perjuangan Garuda bertanding. Ayo dukung Timnas Indonesia dengan memakai Official Merchandise!"
Garuda - Timnas 2025 Traveling Jacket Unisex | Jaket,768900,jacket,https://down-id.img.susercontent.com/file/id-11134207-7ra0i-mbrny5453i6e92@resize_w450_nl.webp,19,INDONESIA NATIONAL TEAM OFFICIAL TRAVELLING JACKET 2025<br><br>Erspo mempersembahkan karya anak bangsa untuk mengawal perjuangan Garuda bertanding. Ayo dukung Timnas Indonesia dengan memakai Official Merchandise!<br><br>Fabric material: Nylon
Garuda - Sticker Nameset Pemain Custom (Tanyakan Stok),250000,others,https://down-id.img.susercontent.com/file/id-11134207-7ra0l-mdlbogbfbzh40e@resize_w450_nl.webp,11,-Tanyakan dahulu untuk ketersediaan angka dan huuf nameset sebelum payment yaa kak-<br><br>Nameset terbaru untuk jersey Timnas Indonesia, yang dirancang dengan mengusung konsep “Indonesia Pusaka”. Desain nameset ini memadukan elemen tradisional dengan sentuhan modern yang classy dan timeless, memberikan identitas unik pada jersey kebanggaan nasional.<br><br>Lekukan tajam pada ujung karakter nameset terinspirasi dari paruh, sayap, dan jambul garuda, simbol utama negara Indonesia. Sentuhan ini tidak hanya memperkuat estetika, tetapi juga menghadirkan makna mendalam yang merefleksikan nilai-nilai keindonesiaan. Nameset ini diharapkan menjadi elemen penting yang menginspirasi semangat Garuda di lapangan<br><br>Detail :<br>- Nameset (Nama dan Angka)<br>- Termasuk : Nama dan Nomor Punggung<br>- Tersedia warna putih dan hitam
Garuda Store - Player 12 Jersey Emerald | Player 12 Jersey,319586,jersey,https://down-id.img.susercontent.com/file/id-11134207-7ra0g-mbrvq799561qb7@resize_w450_nl.webp,36,Merchandise Resmi Timnas Indonesia<br>Warna hijau pada jersey ini melambangkan kesuburan dan keberlanjutan, yang mencerminkan kekayaan alam Indonesia. Desain ini menunjukkan semangat pantang menyerah dan kebersamaan yang tumbuh subur dalam setiap pendukung Garuda.<br><br>Player 12 Jersey Hijau<br>Di balik nomor 12 terdapat makna bahwa para fans sejatinya merupakan pemain ke-12 di lapangan yang menunjukkan dukungan, loyalitas, dan dedikasi terhadap timnas sepak bola Indonesia.<br><br>Desain: Jersey Hijau<br> Kain Lotto Premium 20s 100% Polyester
Garuda - Timnas Indonesia x Pokemon Hoodie | Hoodie Oversize Premium,658900,hoodie,https://down-id.img.susercontent.com/file/id-11134207-7ra0t-mb6dh1w8jw61c5@resize_w450_nl.webp,67,Timnas Indonesia x Pokemon Hoodie merupakan produk kolaborasi<br><br>Detail produk :<br>- Design dan warna keren<br>- Terdapat kantong pada bagian depan hoodie<br>- Unisex
Garuda - Jersey Training White Pink | Pakaian Olahraga,499000,training jersey,https://down-id.img.susercontent.com/file/id-11134207-7ra0i-mbrtafj324pjec@resize_w450_nl.webp,6,INDONESIA NATIONAL TEAM OFFICIAL TRAINING JERSEY<br>Erspo mempersembahkan karya anak bangsa untuk mengawal perjuangan Garuda bertanding. Ayo dukung Timnas Indonesia dengan memakai Official Merchandise!<br><br>Fabric Material: 100% Polyester<br>Patch Material: Silicon<br><br>Update : Training Jersey terbaru sudah dilengkapi tag sponsor TIMNAS Indonesia
Garuda - Enamel Pin | Pin Hiasan Tas Aksesoris,98890,accessories,https://down-id.img.susercontent.com/file/id-11134207-7ra0o-mcst5ia6eoxk20@resize_w450_nl.webp,5,Garuda Enamel Pin merupakan acce hiasan tas ataupun topi yang memberikan penampilan menjadi keren. Aksesoris pink yang di buat khusus Garuda sebagai simbol semangat untuk Garuda Muda saat bertanding.<br><br>Detail produk :<br>- Design keren<br>- Dapat di tempatkan dimana pun, seperti tas ataupun topi<br>- Tunjukan kekerenan kamu dengan menggunakan pink khusus Kita Garuda
Garuda - Jersey Player Issue Men Home SS 2025 + Nameset,1549000,jersey,https://down-id.img.susercontent.com/file/id-11134207-7ra0r-mdprn9bjuirweb@resize_w450_nl.webp,10,-Harga yang tertera hanya untuk jersey dan nameset saja-<br><br>Indonesia National Team Official Jersey Player Issue<br>Erspo mempersebahkan karya anak bangsa untuk mengawal perjuangan Garuda bertanding. Ayo dukung Timnas Indonesia dengan memakai Official Merchandise!<br><br>Detail produk :<br>- Model reguler fit yang dapat di gunakan pada pria mau wanita (unisex)<br>- Daya serap keringat yang baik<br>- Fabric Material: Jacquard - Mesh - Dot Mesh<br><br>Perbedaan antara Replica dengan Player Issue :<br>Untuk bahan Replica patternnya semi timbul, sedangkan Player Issue patternnya timbul bertekstur
Garuda - Jersey Training White Black | Pakaian Olahraga,499000,training jersey,https://down-id.img.susercontent.com/file/id-11134207-7ra0r-mbrtafj33j9zec.webp,1,INDONESIA NATIONAL TEAM OFFICIAL TRAINING JERSEY<br>Erspo mempersembahkan karya anak bangsa untuk mengawal perjuangan Garuda bertanding. Ayo dukung Timnas Indonesia dengan memakai Official Merchandise!<br><br>Fabric Material: 100% Polyester<br>Patch Material: Silicon<br><br>Update : Training Jersey terbaru sudah dilengkapi tag sponsor TIMNAS Indonesia
Garuda - Jersey 2025 Replica Away (Putih) SS + Nameset,849000,jersey,https://down-id.img.susercontent.com/file/id-11134207-81ztg-mdwywqv3j6roaa@resize_w450_nl.webp,12,-Harga yang tertera hanya untuk jersey dan namesetnya saja-<br><br>Indonesia National Team Official Jersey Replica<br>Erspo mempersebahkan karya anak bangsa untuk mengawal perjuangan Garuda bertanding. Ayo dukung Timnas Indonesia dengan memakai Official Merchandise!<br><br>Detail produk :<br>- Model reguler fit yang dapat di gunakan pada pria mau wanita (unisex)<br>- Daya serap keringat yang baiik<br>- Fabric Material: Jacquard - Mesh - Dot Mesh<br><br>Perbedaan antara Replica dengan Player Issue :<br>Untuk bahan Replica patternnya semi timbul, sedangkan Player Issue patternnya timbul bertekstur
Garuda - Timnas x Never Too Lavish Jacket WindBreaker Half Zipper Red,878900,jacket,https://down-id.img.susercontent.com/file/id-11134207-7rbk0-maz6yjj2qjhac1@resize_w450_nl.webp,5,Timnas x Never Too Lavish Jacket WindBreaker Half Zipper Red merukan jaket campuran warna merah, hitam dan juga putih. Merah bercampur hitam yang memberikan kesan keren saat di kenakan. Bagian zipper depan dapat di atur hingga menutupi leher."Classic wind breakerOfficial Timnas Indonesia<br><br>Detail produk :<br><br>Material : Taslan Milky<br>Unisex, dapat di pakai cowok ataupun cowok<br>Detail tulisan Indonesia pada bagian depan dan belakang jaket<br>Warna jaket merah gelap<br><br>Size Chart<br>S : 52 x 70<br>M : 56 x 72<br>L : 60 x 76<br>XL: 62 x 78
Garuda T-Shirt Legacy 1945 Black | Baju Atasan Kaos,187000,top,https://down-id.img.susercontent.com/file/id-11134207-7r992-lyxmmwclvrn16e@resize_w450_nl.webp,19,Warna hitam pada T-shirt ini menggambarkan ketangguhan dan warisan abadi yang ditinggalkan oleh para pejuang kemerdekaan di tahun 1945. "Legacy 1945" adalah perwujudan dari semangat dan nilai-nilai yang diwariskan kepada generasi penerus untuk terus menjaga dan memperjuangkan kemerdekaan Indonesia.<br><br>Bahan: 24s cotton, plastisol print
Garuda - Timnas Indonesia x Bodypack Audacity Tasuki Bag | Tas Selempang,658900,bag,https://down-id.img.susercontent.com/file/id-11134207-7ra0q-mcsnsg7z95av81@resize_w450_nl.webp,5,Audacity Tasuki Bag terbuat dari bahan nylon crinkle ripstop yang water-repellent, sehingga tas ini ringan untuk dibawa kemana pun. Tas ini dilengkapi dengan satu kompartemen luas dengan saku bagian dalam untuk jaga bawaan tetap rapi. Pada bagian samping, terdapat dua saku dengan resleting yang bisa memuat botol minum. Dipakai sebagai tas selempang atau tas bahu, AUDACITY Tasuki Bag adalah tas unik yang bisa melengkapi lemari kamu. Warna hitam<br><br>Detail produk :<br>1. Kompartemen utama yang luas dengan saku dan resleting<br>2. Dua saku samping dengan resleting, dapat menampung botol air hingga tinggi 30 cm dan diameter 9 cm<br>3. D-ring di setiap sisi<br>4. Bahan: Nylon Crinkle Ripstop<br>5. Dimensi: 33 x 54 x 27 cm (17L)<br>6. Warna: Hitam
Garuda - Jersey Player Issue Goal Keeper Away (Black) SS Men 2025 | Jersey Kiper Lengan Pendek,1099000,jersey,https://down-id.img.susercontent.com/file/id-11134207-7ra0q-mc1mx5u5be4322@resize_w450_nl.webp,7,Garuda mempersembahkan karya anak bangsa untuk mengawal perjuangan Garuda bertanding. Ayo dukung Timnas Indonesia dengan memakai Official Merchandise!<br><br>Detail produk :<br>- Warna Black<br>- Player issue, design bertekstur dan lebih timbul<br>- Fabric Material: Polyester Jacquard - Mesh<br><br>Cara pencucian<br>Di sarankan untuk mencuci dengan tangan agar kain dan sablonnya tetap awet. Untuk mencuci, rendam jersey dengan air yang sudah dilautkan detergen. Dalam proses ini, jangan terlalu lama merendam jersey yaitu cukup hanya 3-5 menit saja.<br>Kemudian, kucek jersey khususnya pada bagian kerah atau bagian kaos yang terkena noda. Bilas sampai bersih dan busa hilang. Sikat hanya jika perlu saja misalnya pada kerahnya atau pada noda yang membandel.
Garuda Store - TShirt Player 12 Indonesia Putih,176274,top,https://down-id.img.susercontent.com/file/id-11134207-7r98y-luiusc9amrbkb8@resize_w450_nl.webp,18,Official Merchandise Timnas Indonesia - T-Shirt Player 12 Indonesia Putih Premium <br><br>Bahan : cotton combed<br>Tersedia beberapa ukuran
Garuda - Jersey Player Issue Men Home LS 2025 | Jersey Pemain Lengan Panjang,1499000,jersey,https://down-id.img.susercontent.com/file/id-11134207-81ztk-me9kfnttmgw1ba@resize_w450_nl.webp,14,-Harga yang tertera hanya untuk jerseynya saja tanpa nomer punggung-<br><br>Indonesia National Team Official Jersey Player Issue<br>Erspo mempersebahkan karya anak bangsa untuk mengawal perjuangan Garuda bertanding. Ayo dukung Timnas Indonesia dengan memakai Official Merchandise!<br><br>Detail produk :<br>- Model reguler fit yang dapat di gunakan pada pria mau wanita (unisex)<br>- Daya serap keringat yang baik<br>- Fabric Material: Jacquard - Mesh - Dot Mesh<br><br>Perbedaan antara Replica dengan Player Issue :<br>Untuk bahan Replica patternnya semi timbul, sedangkan Player Issue patternnya timbul bertekstur<br>Timnas Indonesia x Bodypack] Ruger Coin Pouch,259000,bag,https://down-id.img.susercontent.com/file/id-11134207-7rbke-m79ckr4irajkb3@resize_w450_nl.webp,19,Key Features:<br>1. Pouch dengan bukaan lebar dilengkapi slot kartu, kaitan, dan tambahan kantung bersleting<br>2. Saku belakang<br>3. Carabiner metal (bukan untuk climbing)<br>4. Material: Ripstop<br>5. Dimension: 12 x 8,5 x 4 Cm (0,4L)<br>6. Color: Black<br><br>Selalu ada cara untuk mendukung kebanggaan Indonesia, dimana pun dan kapan pun kamu berada.<br><br>Timnas Indonesia dan Bodypack memperkenalkan koleksi kolaborasi ‘OFF THE FIELD’, sebuah koleksi yang dibuat sebagai bentuk dukungan untuk Timnas Indonesia. Menampilkan rangkaian produk yang memadukan identitas Timnas Indonesia dengan design bergaya modern untuk pemakaian sehari-hari komunitas urban. <br><br>RUGER Coin Pouch dilengkapi beberapa slot kartu dan tambahan kantong untuk barang kecil lainnya. Kamu juga bisa mengaitkan kunci pada kaitan tambahan di dalamnya. Pouch ini mudah diakses dan carabinernya bisa kamu kaitkan pada tas, belt loop, atau lanyard.
Garuda - Jersey Replica Women's Long Sleeve 2025 | Jersey Wanita Lengan Panjang,749000,jersey,https://down-id.img.susercontent.com/file/id-11134207-7rbk9-m95khoc2skq517@resize_w450_nl.webp,74,INDONESIA NATIONAL TEAM OFFICIAL - WOMEN'S JERSEY [Long Sleeve]<br>Erspo mempersembahkan karya anak bangsa untuk mengawal perjuangan Garuda bertanding. Ayo dukung Timnas Indonesia dengan memakai Official Merchandise!<br><br>Fabric material: 100% Polyester Jaquard
Garuda Store - Car Refreshener Kita Garuda - Jersey,83673,others,https://down-id.img.susercontent.com/file/id-11134207-7r98t-luhef4m6bfw44e@resize_w450_nl.webp,3,Official Merchandise Car Refreshener Kita Garuda Aroma Bacarat Rogue<br><br>"Bahan: Paper Birmet<br>Isi: Parfume CS0001<br>Desain: Printing 2 sisi"
Garuda Store - T-Shirt Player 12 - Green,176274,top,https://down-id.img.susercontent.com/file/id-11134207-7r991-lvyu0wsq9g597a@resize_w450_nl.webp,10,Merchandise Resmi Timnas Indonesia<br><br>Player 12 Hijau<br><br>Di balik nomor punggung 12 terdapat makna bahwa para fans sejatinya merupakan pemain ke-12 di lapangan yang menunjukkan dukungan, loyalitas, dan dedikasi terhadap timnas sepak bola Indonesia.<br><br>Desain: kaos berwarna hijau dengan sablon print berwarna putih<br>Bahan : katun 24s<br>Ukuran: <br>S     : 44-46cm x 68-70cm<br>M    : 49-51cm x 72-74cm<br>L     :53-57cm x 75-76cmn<br>XL   :58-61cm x 77-79cm<br>XXL:63-66cm x 81-82cm
Garuda Store - Jacket Mid Layer Navy,799000,jacket,https://down-id.img.susercontent.com/file/id-11134207-7rasl-m1cck3gybi5h0a@resize_w450_nl.webp,3,INDONESIA NATIONAL TEAM OFFICIAL MID LAYER JACKET<br>Timnas Mid Layer Jakcet dengan bahan yang nyaman, cocok untuk dipakai sebelum atau saat olahraga. Ayo dukung Timnas Indonesia dengan memakai Official Merchandise!<br>Erspo mempersembahkan karya anak bangsa untuk mengawal perjuangan Garuda bertanding. Ayo dukung Timnas Indonesia dengan memakai Official Merchandise!<br><br>Fabric Material : Double Knit<br>Half Zipper
Garuda - Jersey Timnas Player Issue Away 2024 | Jersey Pemain Lengan Pendek,1299000,jersey,https://down-id.img.susercontent.com/file/id-11134207-7rask-m1cck3gycwfof8@resize_w450_nl.webp,3,Jersey Timnas Player Issue Away<br><br>"INDONESIA NATIONAL TEAM OFFICIAL JERSEY PLAYER ISSUE<br>Erspo mempersembahkan karya anak bangsa untuk mengawal perjuangan Garuda bertanding. Ayo dukung Timnas Indonesia dengan memakai Official Merchandise!"<br><br>Fabric Material : 100% Polyester Jaquard"
Garuda Store - Baseball Kita Garuda Hitam,385730,top,https://down-id.img.susercontent.com/file/id-11134207-7ra0k-mbrvdwef65zy58@resize_w450_nl.webp,26,Jersey ini mengambil inspirasi dari semangat kemenangan yang selalu ditunjukkan oleh para pahlawan Garuda. Warna hitam melambangkan ketegasan dan kekuatan, sementara aksen merah merepresentasikan semangat yang selalu berkobar dalam hati setiap pendukung tim. Desain ini cocok untuk mereka yang ingin menunjukkan kebanggaan mereka dengan gaya yang berani dan kuat.<br><br>Kain Lotto Premium 20s 100% Polyester
Garuda - T-Shirt Bhineka Tunggal Ika White | Atasan Kaos,179900,top,https://down-id.img.susercontent.com/file/id-11134207-7r98w-lyxmmwclnc8d0a@resize_w450_nl.webp,5,Warna merah pada T-shirt ini melambangkan keberanian dan semangat juang yang membara, sejalan dengan semboyan "Bhineka Tunggal Ika" yang berarti "Berbeda-beda tetapi tetap satu." Produk ini merayakan keragaman Indonesia yang bersatu dalam semangat persatuan dan kebangsaan<br><br>Detail produk :<br>- Bahan cotton<br>- Tersedia ukuran S - 2XL<br>- Tidak mudah gerah<br>- Sangat nyaman di pakai<br><br>Cara pencucian :<br>Dapat di rendam maupun menggunakan mmesin cuci, mudah di setrika seperti halnya kaos<br><br>Kumpulkan koleksi barang Garuda di setiap serinya
Garuda - Timnas Indonesia x Bodypack Mogul 2 Short Sleeves T-Shirt | Baju Atasan Cowok,729000,top,https://down-id.img.susercontent.com/file/id-11134207-7rbk5-m79ckr4iafq814.webp,25,Key Features:<br>1. Bahan yang stretchy/lentur<br>2. Adjuster pada bagian bawah<br>3. Bahan yang water-repellent<br>4. Cepat kering<br>5. Kerah Bulat<br>6. Material: Nylon Crinkle (Water-repellent)<br>7. Ukuran: S-3XL<br>8. Warna: Black<br><br>Selalu ada cara untuk mendukung kebanggaan Indonesia, dimana pun dan kapan pun kamu berada.<br><br>Timnas Indonesia dan Bodypack memperkenalkan koleksi kolaborasi ‘OFF THE FIELD’, sebuah koleksi yang dibuat sebagai bentuk dukungan untuk Timnas Indonesia. Menampilkan rangkaian produk yang memadukan identitas Timnas Indonesia dengan design bergaya modern untuk pemakaian sehari-hari komunitas urban. <br><br>Kaos MOGUL menggunakan bahan yang bisa memberikan sensasi yang dingin, jadi kamu bisa lebih nyaman berkegiatan sepanjang hari. Baju kaos lengan pendek ini juga punya tekstur yang unik namun tetap memberikan kenyamanan saat dipakai karena baju ini terbuat dari bahan nilon dengan lapisan tahan air (Water-repellent) dan cepat kering. 
Garuda - Timnas Jersey Replica Home (Red) 2024 | Jersey Pemain Lengan Pendek,599000,jersey,https://down-id.img.susercontent.com/file/id-11134207-7ra0n-mdfja7h5xrbide@resize_w450_nl.webp,2,"Indonesia National Team Official Jersey Replica"<br><br>Garuda mempersembahkan karya anak bangsa untuk mengawal perjuangan Garuda bertanding. Ayo dukung Timnas Indonesia dengan memakai Official Merchandise!<br><br>Detail :<br>- Fabric Material : 100% Polyester<br>- Reguler dan dry Fit<br><br>Perbedaan replica dan player issue adalah untuk player issue designnya logo dan emblem lebih bertekstur dari pada replica
Garuda - Vandel Timnas Indonesia | Bendera Kecil Rumbai,472890,others,https://down-id.img.susercontent.com/file/id-11134207-7ra0r-mc093lncyomr26@resize_w450_nl.webp,10,Vandel Timnas Indonesia merupakan cenderamata dari adanya pertandingan sebagai simbol tanda kenang - kenangan pada acara tersebut. Vandel sering memuat logo, nama acara, serta detail kecil lainnya untuk memberikan kesan berarti. Bentuk dan desainnya yang khas menjadikannya sebagai trofi mini yang mudah dibawa.<br><br>Detail produk :<br>- Berlogo bordir Garuda dengan bertulisan FIFA WORLD CUP 26 QUALIFIERS ROUND 3 SEPTEMBER 2024 - JUNE 2025<br>- Terdapat tiang besi yang berfungsi sebagai kailan untuk tali gantungan<br>- Bagian belakang vande, bertuliskan TIMNAS INDONESIA<br>- Berukuran Large :  -+ 33cm (P) x 28cm (T)
Garuda - Training Jersey Yellow White | Pakaian Olahraga,499000,training jersey,https://down-id.img.susercontent.com/file/id-11134207-7ra0p-mbrtafj30q5391@resize_w450_nl.webp,9,INDONESIA NATIONAL TEAM OFFICIAL TRAINING JERSEY<br>Erspo mempersembahkan karya anak bangsa untuk mengawal perjuangan Garuda bertanding. Ayo dukung Timnas Indonesia dengan memakai Official Merchandise!<br><br>Fabric Material: 100% Polyester<br>Patch Material: Silicon<br><br>Update : Training Jersey terbaru sudah dilengkapi tag sponsor TIMNAS Indonesia
Garuda - Tshirt Player 12 for Kids,153890,top,https://down-id.img.susercontent.com/file/id-11134207-7ra0t-mbxjlgnn97zh4c@resize_w450_nl.webp,12,Di balik nomor punggung 12 terdapat makna bahwa para fans sejatinya merupakan pemain ke-12 di lapangan yang menunjukkan dukungan, loyalitas, dan dedikasi terhadap timnas sepak bola Indonesia
Garuda - Jersey Training White Green | Pakaian Olahraga,499000,training jersey,https://down-id.img.susercontent.com/file/id-11134207-7ra0n-mbrtafj3byonf0@resize_w450_nl.webp,7,INDONESIA NATIONAL TEAM OFFICIAL TRAINING JERSEY<br>Erspo mempersembahkan karya anak bangsa untuk mengawal perjuangan Garuda bertanding. Ayo dukung Timnas Indonesia dengan memakai Official Merchandise!<br><br>Fabric Material: 100% Polyester<br>Patch Material: Silicon<br><br>Update : Training Jersey terbaru sudah dilengkapi tag sponsor TIMNAS Indonesia
Garuda Store - Legacy 1945 Red,181390,top,https://down-id.img.susercontent.com/file/id-11134207-7r98z-lyxmmwclzzcd25@resize_w450_nl.webp,4,Warna merah pada T-shirt ini melambangkan semangat dan darah yang telah dikorbankan demi kemerdekaan. "Legacy 1945" dalam warna merah adalah pengingat akan perjuangan tanpa henti yang diwariskan dari generasi ke generasi untuk mempertahankan kemerdekaan dan martabat bangsa Indonesia.
Garuda - Totebag | Tas Bahu | Tas Serbaguna,362890,bag,https://down-id.img.susercontent.com/file/id-11134207-7ra0h-mbosqbkesf4g80@resize_w450_nl.webp,13,Merchandise Resmi Timnas Indonesia <br><br>Garuda totebag merupakan tas bahu berdesign simple, keren dan elegant. Tas yang memiliki kegunaan sebagai tempat penyimpanan dan bawaan yang mudah dipakai. <br><br>Detail produk :<br>- Material: Kanvas<br>- Desain: Bordir<br>- Ukuran: 30 x 40 cm <br>- Lebar alas: 8cm 
Garuda - [Timnas Indonesia x Bodypack] Prevision Dopp Kit,329000,bag,https://down-id.img.susercontent.com/file/id-11134207-7rbk6-m79ckr4i91d392@resize_w450_nl.webp,13,Key Features:<br>1. Ruang utama tunggal<br>2. Saku depan<br>3. Tali pegangan yang kokoh<br>4. Weight limit: 2.5 Kg<br>5. Material: Polyester Ripstop<br>6. Dimensi: 22 x 15 x 6 Cm (2,5L)<br>7. Warna: Black<br><br>Selalu ada cara untuk mendukung kebanggaan Indonesia, dimana pun dan kapan pun kamu berada.<br><br>Timnas Indonesia dan Bodypack memperkenalkan koleksi kolaborasi ‘OFF THE FIELD’, sebuah koleksi yang dibuat sebagai bentuk dukungan untuk Timnas Indonesia. Menampilkan rangkaian produk yang memadukan identitas Timnas Indonesia dengan design bergaya modern untuk pemakaian sehari-hari komunitas urban. <br><br>PREVISION dopp kit punya ruang yang luas untuk menyimpan keperluan teknologi atau kebutuhan saat bepergian. Pouch ini memiliki desain yang minimalis, mudah diakses, dan bahannya tahan lama. Tali pegangannya dibuat agar kamu bisa lebih mudah menggantungkan pouch ini di kaitan apapun.
Garuda - Jersey Player Issue Men Away LS 2025 | Jersey Pemain Lengan Panjang,1499000,jersey,https://down-id.img.susercontent.com/file/id-11134207-7ra0l-mdpv04d4nsxb02@resize_w450_nl.webp,3,-Harga yang tertera hanya untuk jerseynya saja tanpa nomer punggung-<br><br>Indonesia National Team Official Jersey Player Issue<br>Erspo mempersebahkan karya anak bangsa untuk mengawal perjuangan Garuda bertanding. Ayo dukung Timnas Indonesia dengan memakai Official Merchandise!<br><br>Detail produk :<br>- Model reguler fit yang dapat di gunakan pada pria mau wanita (unisex)<br>- Daya serap keringat yang baik<br>- Fabric Material: Jacquard - Mesh - Dot Mesh<br><br>Perbedaan antara Replica dengan Player Issue :<br>Untuk bahan Replica patternnya semi timbul, sedangkan Player Issue patternnya timbul bertekstur
Garuda Store - Kalender Meja Timnas Indonesia 2025,197890,others,https://down-id.img.susercontent.com/file/id-11134207-7rbk8-m6c4qqe9vayoe6@resize_w450_nl.webp,5,"Merchandise Resmi Timnas Indonesia <br><br>Kalender Meja Timnas Indonesia 2025<br><br>Ukuran: 21 x 16 cm<br> Bahan: Art paper 260 gsm, laminasi doff<br> Cetak: 14 hal / 7 lembar<br> Jilid: Ring<br> Dudukan: Art karton, lapis linen"
Garuda - T-Shirt Indonesia Pride Green | Atasan Kaos,186890,top,https://down-id.img.susercontent.com/file/id-11134207-7rask-m4fmnzghzc6wea@resize_w450_nl.webp,10,Warna hijau pada T-shirt ini mengacu pada kekayaan alam dan keindahan Indonesia. ""Indonesia Pride"" dalam warna hijau merayakan kebanggaan terhadap tanah air yang subur dan kaya akan sumber daya alam, sekaligus menekankan pentingnya pelestarian lingkungan dan keseimbangan alam.<br><br>Detail produk :<br>- Bahan cotton<br>- Tersedia ukuran S - 2XL<br>- Tidak mudah gerah<br>- Sangat nyaman di pakai<br><br>Cara pencucian :<br>Dapat di rendam maupun menggunakan mmesin cuci, mudah di setrika seperti halnya kaos<br><br>Kumpulkan koleksi barang Garuda di setiap serinya
Garuda Store - Jersey Timnas Merah Player Issue,1299000,jersey,https://down-id.img.susercontent.com/file/id-11134207-7r98x-lzk8s1kpso8d03@resize_w450_nl.webp,2,INDONESIA NATIONAL TEAM OFFICIAL JERSEY PLAYER ISSUE<br>Erspo mempersembahkan karya anak bangsa untuk mengawal perjuangan Garuda bertanding. Ayo dukung Timnas Indonesia dengan memakai Official Merchandise!<br><br>Fabric Material : 100% Polyester Jaquard"
Garuda - Training Jersey Black Purple | Pakaian Olahraga,499000,training jersey,https://down-id.img.susercontent.com/file/id-11134207-7ra0h-mbrtafj34xuf9a@resize_w450_nl.webp,1,INDONESIA NATIONAL TEAM OFFICIAL TRAINING JERSEY<br>Erspo mempersembahkan karya anak bangsa untuk mengawal perjuangan Garuda bertanding. Ayo dukung Timnas Indonesia dengan memakai Official Merchandise!<br><br>Fabric Material: 100% Polyester<br>Patch Material: Silicon<br><br>Update : Training Jersey terbaru sudah dilengkapi tag sponsor TIMNAS Indonesia
Garuda - T-Shirt Indonesia Pride Red | Atasan Kaos,186890,top,https://down-id.img.susercontent.com/file/id-11134207-7rask-m4fmnzgi25bsef@resize_w450_nl.webp,7,Dengan warna merah yang kuat, T-shirt ini menggambarkan semangat nasionalisme dan keberanian rakyat Indonesia. ""Indonesia Pride"" dalam warna merah adalah pernyataan kebanggaan akan sejarah dan identitas bangsa, serta pengingat akan perjuangan yang telah dilalui untuk meraih kemerdekaan.<br><br>Detail produk :<br>- Bahan cotton<br>- Tersedia ukuran S - 2XL<br>- Tidak mudah gerah<br>- Sangat nyaman di pakai<br><br>Cara pencucian :<br>Dapat di rendam maupun menggunakan mmesin cuci, mudah di setrika seperti halnya kaos<br><br>Kumpulkan koleksi barang Garuda di setiap serinya
Garuda - Socks Pattern | Kaos Kaki,119900,socks,https://down-id.img.susercontent.com/file/id-11134207-7ra0h-mc0deuvlzy1rca@resize_w450_nl.webp,6,Kaos Kaki Pattern Merah Kita Garuda<br><br>Isi 1pack : Tersedia 3 warna Black, Red, Grey (Pilih salah satu)<br>Isi 3pack :  Tersedia 3 warna Black, Red, Grey (Sesuai Ketersediaan)<br><br>Bahan : FE Spandex, PE 2ply size 3/4 <br>Model: Reguler (7 cm dari mata kaki)
Garuda - T-Shirt 1945 Classic White | Baju Kaos Wanita,198000,top,https://down-id.img.susercontent.com/file/id-11134207-7ra0m-mcvkl9osv8ol04@resize_w450_nl.webp,9,Warna putih melambangkan kemurnian dan ketulusan hati. T-shirt ini mewakili kesatuan bangsa Indonesia yang terdiri dari berbagai suku, agama, dan budaya, namun tetap bersatu dalam harmoni dan kedamaian. "Bhineka Tunggal Ika" adalah cerminan dari cita-cita luhur bangsa.<br><br>Bahan: 24s cotton, plastisol print
Garuda - Training Jersey Pink Black | Pakaian Olahraga,499000,training jersey,https://down-id.img.susercontent.com/file/id-11134207-7ra0q-mbrtafj37qzb2f@resize_w450_nl.webp,1,INDONESIA NATIONAL TEAM OFFICIAL TRAINING JERSEY<br>Erspo mempersembahkan karya anak bangsa untuk mengawal perjuangan Garuda bertanding. Ayo dukung Timnas Indonesia dengan memakai Official Merchandise!<br><br>Fabric Material: 100% Polyester<br>Patch Material: Silicon<br><br>Update : Training Jersey terbaru sudah dilengkapi tag sponsor TIMNAS Indonesia
Garuda - Signed Ball | Bola Kaki Sepak Bola,385000,ball,https://down-id.img.susercontent.com/file/id-11134207-7rase-m33u00t7jp3h67@resize_w450_nl.webp,37,Signed Ball<br><br>Tingkatkan koleksi olahraga Anda dengan Signed Ball Specs Palapa 24, yang tersedia eksklusif di Garuda Official Store!<br><br>Ukuran: Pilih sesuai kebutuhan Anda, tersedia dalam ukuran 4 (besar) dan 1 (kecil).<br>Warna: Kombinasi warna Bright Blue dan Neon Pink yang memukau, memberikan tampilan unik dan modern.<br>Keunikan: Bola ini hadir dengan tanda tangan khusus, sempurna untuk koleksi atau digunakan dalam kegiatan olahraga.<br><br>Dapatkan segera sebelum kehabisan!
Garuda Store - Jersey Nusantara Verde,289900,top,https://down-id.img.susercontent.com/file/id-11134207-7rasb-m38yxdcjr65035@resize_w450_nl.webp,4,"Nusantara" merujuk pada istilah yang digunakan untuk menggambarkan kepulauan Indonesia secara keseluruhan, mencerminkan kebersamaan dan kekayaan budaya Indonesia. "Verde" berarti hijau dalam bahasa Spanyol, menunjukkan warna utama dari jersey ini. Warna hijau sering dihubungkan dengan alam, kehidupan, dan pertumbuhan. Ini bisa mencerminkan harapan dan kelestarian budaya serta alam Indonesia.<br><br>Bahan:<br>- microdot fabric<br>- flatknit rib<br>- woven label
Garuda - Timnas Indonesia x Tee Bandits Triumph Red | Baju Olahraga,750000,top,https://down-id.img.susercontent.com/file/id-11134207-7r98x-lydgn2pvrk63e3@resize_w450_nl.webp,3,Timnas Indonesia x Tee Bandits<br><br>Detail produk :<br>- Basic Cotton<br>- Dapat di pakai saat olahraga maupun keseharian<br>- Memiliki warna color full
Garuda Official - Crewneck perisai,406890,top,https://down-id.img.susercontent.com/file/id-11134207-7rasa-m5xubnpl3nh928@resize_w450_nl.webp,7,Produk ini memancarkan kekuatan dan kebanggaan melalui logo perisai dengan lambang Garuda. Garuda, sebagai simbol nasional, melambangkan kekuatan, kebebasan, dan ketangguhan. Dengan mengenakan crewneck ini, pemakainya tidak hanya merasakan kenyamanan tetapi juga terhubung dengan simbol identitas dan patriotisme yang kuat.<br><br>Size Information (cm)<br>S - Length 66/ chest 56<br>M - Length 68 / Chest 59<br>L - Length 70 / Chest 61<br>XL - Length 72 / Chest 63<br>XXL - Length 74 /chest 65 <br>Menggunakan bahan Cotton 280gsm
Garuda - Timnas Indonesia x Pokemon Sweatshirt | Sweatshirt Halus,603900,sweatshirt,https://down-id.img.susercontent.com/file/id-11134207-7ra0h-mcahfoz9huitc1@resize_w450_nl.webp,21,Timnas Indonesia x Pokemon Sweatshirt merupakan produk kolaborasi<br><br>Detail produk :<br>- Design dan warna keren<br>- Terdapat kantong pada bagian depan sweatshirt (warna cream), untuk warna maroon dan green tidak ada kantong<br>- Unisex<br><br>Untuk size chart, bisa dilihat pada foto produk dibagian belakang/klik size guide saat pilih variasi produk
Garuda Store - Pannels Cap of Indonesia Green,218900,accessories,https://down-id.img.susercontent.com/file/id-11134207-7rasj-m1i3ucw8ed0f3d@resize_w450_nl.webp,6,Garuda Store - Pannels Cap of Indonesia Green<br><br>Bahan topi: Twill<br>Bahan visor: Suede<br>Logo: Sablon Hi Density<br>Pita rangka bahan micro/despo sublim<br>Buckle: plastik & pita webbing
Garuda - T-Shirt 1945 Classic Black | Baju Kaos Wanita,198000,top,https://down-id.img.susercontent.com/file/id-11134207-7r98p-lyxmmwcloqst05@resize_w450_nl.webp,5,Warna hitam pada T-shirt ini menggambarkan ketangguhan dan warisan abadi yang ditinggalkan oleh para pejuang kemerdekaan di tahun 1945. "Legacy 1945" adalah perwujudan dari semangat dan nilai-nilai yang diwariskan kepada generasi penerus untuk terus menjaga dan memperjuangkan kemerdekaan Indonesia.<br><br>Bahan: 24s cotton, plastisol print
[Timnas Indonesia x Bodypack] Plutone Fishing Vest,799000,vest,https://down-id.img.susercontent.com/file/id-11134207-7rbk0-m79ckr4i91qe8c@resize_w450_nl.webp,1,Key Features:<br>1. Resleting depan<br>2. Empat saku bagian depan<br>3. Dua saku di bagian dalam<br>4. Material: Nylon Crinkle Ripstop<br>5. Sizes: S-XXL<br>6. Warna: Black<br><br>Selalu ada cara untuk mendukung kebanggaan Indonesia, dimana pun dan kapan pun kamu berada.<br><br>Bodypack dan Timnas Garuda memperkenalkan koleksi kolaborasi ‘OFF THE FIELD’, sebuah koleksi yang dibuat sebagai bentuk dukungan untuk Timnas Indonesia. Menampilkan rangkaian produk yang memadukan identitas Timnas Indonesia dengan design bergaya modern untuk pemakaian sehari-hari komunitas urban. <br><br>PLUTONE adalah vest yang bisa jaga barang bawaan tetap rapi dan aman kalau kamu sedang tidak ingin bawa tas. Kalau empat saku pada bagian depan jaket rompi ini tidak cukup, kamu masih bisa simpan barang lainnya di kedua saku yang ada di bagian dalam.
Garuda Store - Crewneck plus 62 Football,406890,top,https://down-id.img.susercontent.com/file/id-11134207-7rasg-m4fmb24l3d7nc6@resize_w450_nl.webp,3,Produk ini memancarkan kekuatan dan kebanggaan melalui logo plus 62. Dengan mengenakan crewneck ini, pemakainya tidak hanya merasakan kenyamanan tetapi juga terhubung dengan simbol identitas dan patriotisme yang kuat.
Garuda - Socks Kita Garuda | Kaos Kaki Pendek,119900,socks,https://down-id.img.susercontent.com/file/id-11134207-7ra0p-mcvkl9ostu4524@resize_w450_nl.webp,6,Kaos Kaki bertuliskan Kita Garuda memberikan simbol dan menunjukan bahwa kita adalah satu untuk Indonesia<br><br>Isi 1pack : Tersedia 3 warna Black, White, Grey (Pilih salah satu)<br>Isi 3pack :  Tersedia 3 warna Black, White, Grey (Sesuai warna teesedia)<br><br>Bahan : FE Spandex, PE 2ply size 3/4 <br>Model: Reguler (7 cm dari mata kaki)
Laptop Sleeve Puff Full Print,296890,others,https://down-id.img.susercontent.com/file/id-11134207-7rbk8-mamgmrmm8a3i7d@resize_w450_nl.webp,6,"Merchandise Resmi Timnas Indonesia Laptop Sleeve Puff 14 inch Kita Garuda Full Print<br><br>Bahan luar : Despo / Parasut  Bahan dalam: Beludru  <br>Ukuran: 36 x 27 cm muat laptop 14 Inch  <br>Aksesoris: Pengait Label Woven"
Garuda Store - TShirt Line Up Indonesia Emas SeaGames 2023 Merah,176274,top,https://down-id.img.susercontent.com/file/id-11134207-7r98w-lvywbojty74d40@resize_w450_nl.webp,1,Merchandise Resmi Timnas Indonesia <br><br>Line Up Series Indonesia vs Thailand <br><br>Kemenangan 5-2 dalam final SEA GAMES 2023 menjadi momen bersejarah Timnas Indonesias setelah terakhir kali meraih medali emas di SEA Games tahun 1991. <br><br>Desain: kaos berwarna merah dengan sablon print berwarna putih<br>Bahan : katun 24s<br>Ukuran: <br>S     : 44-46cm x 68-70cm<br>M    : 49-51cm x 72-74cm<br>L     :53-57cm x 75-76cm<br>XL   :58-61cm x 77-79cm<br>XXL:63-66cm x 81-82cm
Garuda - Timnas Indonesia x Bodypack Mogul 1 Short Sleeves T-Shirt | Baju Atasan Cowok,699000,top,https://down-id.img.susercontent.com/file/id-11134207-7rbk3-m79ckr4ika1ic3@resize_w450_nl.webp,22,Key Features:<br>1. Bahan yang stretchy/lentur<br>2. Adjuster pada bagian bawah<br>3. Bahan yang water-repellent<br>4.  Cepat kering<br>5. Kerah V<br>6. Material: Nylon Crinkle (Water-repellent)<br>7. Ukuran: S-3XL<br>8. Warna: Black<br><br>Selalu ada cara untuk mendukung kebanggaan Indonesia, dimana pun dan kapan pun kamu berada.<br><br>Timnas Indonesia dan Bodypack memperkenalkan koleksi kolaborasi ‘OFF THE FIELD’, sebuah koleksi yang dibuat sebagai bentuk dukungan untuk Timnas Indonesia. Menampilkan rangkaian produk yang memadukan identitas Timnas Indonesia dengan design bergaya modern untuk pemakaian sehari-hari komunitas urban. <br><br>Kaos MOGUL menggunakan bahan yang bisa memberikan sensasi yang dingin, jadi kamu bisa lebih nyaman berkegiatan sepanjang hari. Baju kaos lengan pendek ini juga punya tekstur yang unik namun tetap memberikan kenyamanan saat dipakai karena baju ini terbuat dari bahan nilon dengan lapisan tahan air (Water-repellent) dan cepat kering. 
Garuda - Action Figure Timnas Indonesia - Full Body,658900,action figure,https://down-id.img.susercontent.com/file/id-11134207-7rbk0-ma2fzr1qg97621@resize_w450_nl.webp,120,Figure Exclusive Player Timnas Indonesia, Koleksi eksklusif ini dirancang khusus untuk para Garuda Fans, menghadirkan figur-figur pemain timnas indonesia dengan detail menawan yang mencerminkan performa luar biasa mereka di lapangan. Ideal untuk dipajang di meja, rak, atau sebagai koleksi memorabilia berharga bagi penggemar sepak bola nasional dan dirancang untuk menjadi koleksi yang langka dan bernilai tinggi.	<br><br>Material: Resin <br>size: 7,5 x 7,5 x 17,5<br>Box size: 10 x 10 x 21,5
Garuda Store - T-Shirt - Asean U-19 Boys Champions,187000,top,https://down-id.img.susercontent.com/file/id-11134207-7ras8-m3esa0cd0yc449@resize_w450_nl.webp,8,Pada AFF U-19 Championship 2024 yang digelar di Surabaya dari 17 hingga 29 Juli, Timnas Sepak Bola Indonesia meraih gelar juara setelah tampil impresif sepanjang turnamen. Dengan semangat juang tinggi, Garuda Muda mengalahkan lawan-lawan tangguh hingga mencapai final. Pada laga puncak, Indonesia berhasil menang 2-1 atas lawan berat, berkat gol spektakuler di babak kedua. Kemenangan ini tidak hanya membawa trofi AFF U-19 ke tanah air, tetapi juga menjadi simbol kebanggaan dan harapan bagi masa depan sepak bola Indonesia.<br><br>Bahan: 24s cotton, plastisol print
Garuda Store - Snapback Of Indonesia | Topi Unisex,218900,accessories,https://down-id.img.susercontent.com/file/id-11134207-7ra0n-mbbw1whbdzbya2@resize_w450_nl.webp,8,Garuda Store - Snapback Of Indonesia<br><br>Tersedia 2 warna : Red dan Black<br>Bahan Topi : Twill<br>Bahan Visor : Suede<br>Logo 3D Bordir<br>Buckle : Metal<br>Strap : Kulit
Garuda - Action Figure Timnas Indonesia - Jersey,383900,action figure,https://down-id.img.susercontent.com/file/id-11134207-7rbkb-ma2fzr2afgab81@resize_w450_nl.webp,100,Figure Exclusive Player Timnas Indonesia, Koleksi eksklusif ini dirancang khusus untuk para Garuda Fans, menghadirkan figur-figur pemain timnas indonesia dengan detail menawan yang mencerminkan performa luar biasa mereka di lapangan. Ideal untuk dipajang di meja, rak, atau sebagai koleksi memorabilia berharga bagi penggemar sepak bola nasional dan dirancang untuk menjadi koleksi yang langka dan bernilai tinggi.<br><br>Material: Resin <br>Product size: 6,5 x 8,5 x 13,5 cm<br>Box size: 20 x 10 x 8 cm
Garuda - Timnas Indonesia x Tee Bandits Garuda Elegance | Baju Olahraga,750000,training jersey,https://down-id.img.susercontent.com/file/id-11134207-7r98o-lydgn2pvor1748@resize_w450_nl.webp,2,Timnas Indonesia x Tee Bandits: Garuda Elegance<br><br>Detail produk :<br>- Basic Cotton<br>- Dapat di pakai saat olahraga maupun keseharian<br>- Memiliki warna color full
Garuda Official Store - Foolball Board Game | Mainan Kartu Sepak Bola,244200,others,https://down-id.img.susercontent.com/file/id-11134207-7ra0g-mb7pqakdnrl7e5@resize_w450_nl.webp,7,Foolball x Garuda Official Store - Serunya sepak bola dalam board game!<br><br>Foolball board game merupakan sebuah kolaborasi epik dengan Official Garuda Store untuk terus mendukung Tim Nasional Indonesia dengan cara yang seru dan cutting-edge. Permainan bola yang dapat di mainkan oleh satu lawan satu atau dua lawan dua.<br><br>Detail produk :<br>- Gocek lawan dan lakukan tackle keras<br>- Baca strategi lawan dan susun taktik jenius<br>- Mainkan kartu sakti & balikkan keadaan<br>- Bersaing sportif penuh tawa, tensi, dan adrenalin<br><br>Isi permainan :<br>- Gameboard <br>- 1 pion<br>- 2 set kartu jalan<br>- 18 kartu sakti <br>- 6 koin skor<br>- Buku manual
Garuda - Timnas Indonesia x Tee Bandits Valor | Baju Olahraga,757500,training jersey,https://down-id.img.susercontent.com/file/id-11134207-7r98v-lydgn2pw1e5785@resize_w450_nl.webp,4,Garuda Valor: Green Heritage<br><br>Timnas Indonesia, bekerja sama dengan Tee Bandits, mempersembahkan polo shirt edisi khusus dengan warna hijau dan motif khas, yang mencerminkan warisan budaya dan semangat juang bangsa Indonesia.<br><br>Warna hijau dipilih untuk melambangkan kesuburan dan kekayaan alam Indonesia. Hijau juga mencerminkan ketenangan dan keseimbangan, menciptakan suasana yang penuh dengan harapan dan keberlanjutan.<br><br>Material: Interlock Jersey<br>Patch Logo: Rubber
Garuda - Cycling Cap Indonesia | Topi,218900,accessories,https://down-id.img.susercontent.com/file/id-11134207-7ra0p-mc1mx5u58kz765@resize_w450_nl.webp,5,Garuda Store - Cycling Cap Indonesia<br><br>Bahan topi: Polyester Balon <br>Bahan visor: Polyester Balon<br>Logo: Patch bordir<br>Logo visor: sablon<br>Buckle plastik dan pita webbing
Garuda - T-Shirt Bhineka Tunggal Ika Red | Atasan Kaos,197890,top,https://down-id.img.susercontent.com/file/id-11134207-7r98r-lyxmmwcluclh22@resize_w450_nl.webp,6,Warna merah pada T-shirt ini melambangkan keberanian dan semangat juang yang membara, sejalan dengan semboyan "Bhineka Tunggal Ika" yang berarti "Berbeda-beda tetapi tetap satu." Produk ini merayakan keragaman Indonesia yang bersatu dalam semangat persatuan dan kebangsaan<br><br>Detail produk :<br>- Bahan cotton<br>- Tersedia ukuran S - 2XL<br>- Tidak mudah gerah<br>- Sangat nyaman di pakai<br><br>Cara pencucian :<br>Dapat di rendam maupun menggunakan mmesin cuci, mudah di setrika seperti halnya kaos<br><br>Kumpulkan koleksi barang Garuda di setiap serinya
Garuda - Socks Strip Kita Garuda | Kaos Kaki,119900,socks,https://down-id.img.susercontent.com/file/id-11134207-7ra0g-mbj2h86wsi8n01@resize_w450_nl.webp,6,Kaos Kaki Strip Abu Abu Hitam<br><br>Isi 1pack : Tersedia 3 warna Black, White, Grey (Pilih salah satu)<br>Isi 3pack :  Tersedia 3 warna Black, White, Grey (Sesuai warna teesedia)<br><br>Bahan : FE Spandex, PE 2ply size 3/4 <br>Model: Reguler (7 cm dari mata kaki)
Wristband Abu-Abu Kita Garuda,73751,accessories,https://down-id.img.susercontent.com/file/id-11134207-7r98r-lug49jdrr1rwc6@resize_w450_nl.webp,10,Merchandise Resmi Timnas Indonesia <br><br>Wristband Kita Garuda Abu-Abu<br><br>Material: PVC Rubber<br> Logo: PVC Rubber<br> Panjang: 19 cm
Garuda Store - Tas Serut/Drawstring Kita Garuda,181786,bag,https://down-id.img.susercontent.com/file/id-11134207-7r992-lv2oa8h55kl486@resize_w450_nl.webp,15,Merchandise Resmi Timnas Indonesia<br><br>Tas Drawstring Kita Garuda<br><br>Bahan luar: Taslan<br>Bahan dalam: Furing Kahatex<br>Tali Chord<br>Ukuran: 30 x 40 cm<br>Desain: Sublim Printing
Garuda - Tumbler Kita Garuda,328790,tumbler,https://down-id.img.susercontent.com/file/id-11134207-81ztg-mf9h8iosusjx53@resize_w450_nl.webp,3,Official Merchandise Timnas Indonesia - Kita Garuda<br><br>Material: Stainless<br>Kapasitas: 500 ml<br>Ukuran: 24,4 x 7,5 x 6,8 cm<br>Desain: UV Print, full keliling
Garuda - T-Shirt Indonesia History Maker South Korea | Kaos Atasan,175890,top,https://down-id.img.susercontent.com/file/id-11134207-7ra0r-mbt7bb47ucvhc9@resize_w450_nl.webp,2,T-Shirt Indonesia History Maker South Korea merupakan baju pertandingan antara Indonedia dengan Korea<br><br>Tshirt berdesign formasi dari kesebelasan sepak bola Indonesia<br><br>Terdapat 2 warna, Blue Black dan Gun Metal<br>Dapat di gunakan pada pria maupun wanita
Garuda Store - Line Up Korsel Gun Metal,175890,top,https://down-id.img.susercontent.com/file/id-11134207-7r990-lvyu0wsqggtac4@resize_w450_nl.webp,21,Material 24s full cotton, body size (tanpa jahitan samping) gramasi 175-180 gsm<br>Print: Plastisol/Plastcharge/Rubber<br>Sablon depan saja
Garuda Store - Jersey Garuda Heritage - Green,384890,top,https://down-id.img.susercontent.com/file/id-11134207-7rasg-m1d26mayabfaba@resize_w450_nl.webp,9,"Heritage" menunjukkan warisan atau kebudayaan yang telah diwariskan. Desain ini menggabungkan unsur-unsur tradisional yang diwakili oleh motif atau pola yang mengingatkan pada tekstil atau seni tradisional Indonesia.<br><br>Bahan:<br>- microdot fabric<br>- flatknit rib<br>- woven label
Garuda Store - Jersey Training - Red Black,499000,training jersey,https://down-id.img.susercontent.com/file/id-11134207-7ra0l-mbrtafj2zbkn75@resize_w450_nl.webp,6,INDONESIA NATIONAL TEAM OFFICIAL TRAINING JERSEY<br>Erspo mempersembahkan karya anak bangsa untuk mengawal perjuangan Garuda bertanding. Ayo dukung Timnas Indonesia dengan memakai Official Merchandise!<br><br>Fabric Material: 100% Polyester<br>Patch Material: Silicon<br><br>Update : Training Jersey terbaru sudah dilengkapi tag sponsor TIMNAS Indonesia
Garuda Store - Jacket Mid Layer Black,799000,jacket,https://down-id.img.susercontent.com/file/id-11134207-7rbk3-maz3thfcvnhwbc@resize_w450_nl.webp,3,Indonesia National Team Official Mid Layer Jacket<br><br>Timnas Mid Layer Jakcet dengan bahan yang nyaman, cocok untuk dipakai sebelum atau saat olahraga. Ayo dukung Timnas Indonesia dengan memakai Official Merchandise!<br><br>Erspo mempersembahkan karya anak bangsa untuk mengawal perjuangan Garuda bertanding. Ayo dukung Timnas Indonesia dengan memakai Official Merchandise!<br><br>Detail produk :<br>- Material fabric : Double Knit<br>- Half Zipper<br>- Unisex<br>- Warna hitam pekat dan tebal<br> -Terdapat logo Indonesia Garuda<br>- Design sisi lengan kiri dan kanan
Timnas Indonesia x Tee Bandits: Garuda Harmony,757500,top,https://down-id.img.susercontent.com/file/id-11134207-7r98x-lydgn2pvx6fv8a@resize_w450_nl.webp,10,Timnas Indonesia x Tee Bandits: Garuda Harmony
Garuda Store - Jersey Nusantara Noir,289900,top,https://down-id.img.susercontent.com/file/id-11134207-7rasl-m38yxdcjk5as16@resize_w450_nl.webp,0,"Nusantara" merujuk pada istilah yang digunakan untuk menggambarkan kepulauan Indonesia secara keseluruhan, mencerminkan kebersamaan dan kekayaan budaya Indonesia. "Noir" berarti hitam dalam bahasa Prancis, mengindikasikan warna dasar dari jersey ini.  Warna hitam pada jersey ini bisa melambangkan kekuatan, misteri, atau elegansi. Hati berwarna hijau di tengahnya mungkin melambangkan cinta dan harapan yang tetap hidup di tengah tantangan.<br><br>Bahan:<br>- microdot fabric<br>- flatknit rib<br>- woven label
Tumbler Timnas Indonesia X Never Too Lavish,438900,tumbler,https://down-id.img.susercontent.com/file/id-11134207-7r98o-lxqmfw5fexf09a@resize_w450_nl.webp,7,“ When Football meets Fashion”  timnas indonesia X  nevertoolavish out now!<br>Kolaborasi ini membuahkan hasil desain yang menegaskan bahwa prestasi gemilang ini lahir dari semangat juang dan sportivitas yang solid di antara pemain, pelatih, suporter dan para stakeholder dalam kancah sepakbola Indonesia.<br><br>Koleksi Edisi Terbatas ini sangat spesial. Kami punya semua yang Anda butuhkan untuk menunjukkan semangat GARUDA Anda dengan gaya.<br><br>Ukuran: 500ml<br>dimensi: 33cm x 9cm (diameter)<br>design: UV printing<br>material tumbler: Stainless
Garuda Store - Jersey Timnas - Player Issue - White,1299000,jersey,https://down-id.img.susercontent.com/file/id-11134207-7rasm-m1cck3gycwpx43@resize_w450_nl.webp,8,"INDONESIA NATIONAL TEAM OFFICIAL JERSEY PLAYER ISSUE<br>Erspo mempersembahkan karya anak bangsa untuk mengawal perjuangan Garuda bertanding. Ayo dukung Timnas Indonesia dengan memakai Official Merchandise!"<br><br>Fabric Material : 100% Polyester Jaquard"
Garuda Store - Umbrella - Garuda - Black,220000,others,https://down-id.img.susercontent.com/file/id-11134207-7r98v-lwqve0o5s2zi32@resize_w450_nl.webp,3,"Merchandise Resmi Timnas Indonesia <br><br>Payung Lipat Kita Garuda Hitam<br><br>Bahan kain: Polyester<br> Warna payung: hitam<br> Jari-jari: 8 sisi<br> Rangka: Besi hitam<br> Diameter: 100 cm<br> Panjang dilipat: 25 cm<br> Handel: Plastik<br> Aksesoris: Sarung kain<br> Logo: Sablon"
Garuda Store - Jersey Garuda Heritage Red,384890,top,https://down-id.img.susercontent.com/file/id-11134207-7rasb-m4ed5vz3lsayc2@resize_w450_nl.webp,24,"Heritage" menunjukkan warisan atau kebudayaan yang telah diwariskan. Desain ini menggabungkan unsur-unsur tradisional yang diwakili oleh motif atau pola yang mengingatkan pada tekstil atau seni tradisional Indonesia.<br><br>Bahan:<br>- Microdot Fabric<br>- Flatknit Rib<br>- Woven Label
Garuda Store - Laptop Sleeve Garuda Black,296890,top,https://down-id.img.susercontent.com/file/id-11134207-7rasl-m4fmnzgi6d1451@resize_w450_nl.webp,0,Bahan luar: Despo / Parasut <br>Bahan dalam: Beludru <br>Ukuran: 36 x 27 cm muat laptop 14 Inch  <br>Aksesoris: Pengait<br>Label Woven
Garuda Store - Knit Scarf Kita Garuda White,383900,accessories,https://down-id.img.susercontent.com/file/id-11134207-7rasg-m1ydyi2bxzb131@resize_w450_nl.webp,4,“ When Football meets Fashion”  timnas indonesia X  nevertoolavish out now!<br>Kolaborasi ini membuahkan hasil desain yang menegaskan bahwa prestasi gemilang ini lahir dari semangat juang dan sportivitas yang solid di antara pemain, pelatih, suporter dan para stakeholder dalam kancah sepakbola Indonesia.<br><br>Koleksi Edisi Terbatas ini sangat spesial. Kami punya semua yang Anda butuhkan untuk menunjukkan semangat GARUDA Anda dengan gaya.<br><br>warna: putih<br>material: knit cotton polyester
Vandel Kita Garuda Official Garuda,220000,others,https://down-id.img.susercontent.com/file/id-11134207-7r98q-luiusc9aijyh2b@resize_w450_nl.webp,5,Merchandise Resmi Timnas Indonesia <br><br>Vandel Kita Garuda kecil<br><br>Bahan: Tab<br> Logo: Garuda Nusantara<br> Tali Anyam<br> Ukuran: <br> - 18 x 21.5 cm (Kecil) <br> - 18 x 26 cm (Besar)